{
  "$schema": "http://json-schema.org/draft-07/schema#",
  "$id": "https://leandeep.ai/schemas/core_bundle_manifest.json",
  "title": "Core Bundle Manifest",
  "description": "Central manifest referencing all configuration files with version/hash/dependency graph",
  "type": "object",
  "required": ["version", "artifacts"],
  "properties": {
    "version": {
      "type": "string",
      "description": "Version of this bundle manifest"
    },
    "artifacts": {
      "type": "array",
      "items": {
        "type": "object",
        "required": ["kind", "path", "version", "hash"],
        "properties": {
          "kind": {
            "type": "string",
            "enum": [
              "enhanced_set_overrides",
              "primary_access_weights_overrides",
              "sets_overrides",
              "detect_registry",
              "scr_window",
              "doc"
            ],
            "description": "Type of artifact"
          },
          "path": {
            "type": "string",
            "description": "Relative path to the artifact file"
          },
          "version": {
            "type": "string",
            "description": "Version of this artifact"
          },
          "hash": {
            "type": "string",
            "description": "SHA256 hash of the artifact"
          },
          "depends_on": {
            "type": "array",
            "items": {
              "type": "string"
            },
            "description": "List of dependencies this artifact relies on"
          }
        }
      }
    }
  }
}
