{
  "detectors": [
    { "id": "DET_ATO_TEMPO_SLOW",           "module": "prosody.tempo",         "file_path": "detectors/prosody/tempo.py",          "fires_marker": "ATO_TEMPO_SLOW",           "schema_version": "LD-3.3" },
    { "id": "DET_ATO_TEMPO_FAST",           "module": "prosody.tempo",         "file_path": "detectors/prosody/tempo.py",          "fires_marker": "ATO_TEMPO_FAST",           "schema_version": "LD-3.3" },
    { "id": "DET_ATO_SPEECH_RATE_VARIATION","module": "prosody.rate_variation","file_path": "detectors/prosody/rate_variation.py", "fires_marker": "ATO_SPEECH_RATE_VARIATION","schema_version": "LD-3.3" },
    { "id": "DET_ATO_PAUSE_LONG",           "module": "prosody.pause_long",    "file_path": "detectors/prosody/pause_long.py",     "fires_marker": "ATO_PAUSE_LONG",           "schema_version": "LD-3.3" },
    { "id": "DET_ATO_PAUSE_MICRO",          "module": "prosody.pause_micro",   "file_path": "detectors/prosody/pause_micro.py",    "fires_marker": "ATO_PAUSE_MICRO",          "schema_version": "LD-3.3" },
    { "id": "DET_ATO_ENERGY_LOW",           "module": "prosody.energy",        "file_path": "detectors/prosody/energy.py",         "fires_marker": "ATO_ENERGY_LOW",           "schema_version": "LD-3.3" },
    { "id": "DET_ATO_ENERGY_SURGE",         "module": "prosody.energy_delta",  "file_path": "detectors/prosody/energy_delta.py",   "fires_marker": "ATO_ENERGY_SURGE",         "schema_version": "LD-3.3" },
    { "id": "DET_ATO_PITCH_SPREAD_NARROW",  "module": "prosody.pitch_spread",  "file_path": "detectors/prosody/pitch_spread.py",   "fires_marker": "ATO_PITCH_SPREAD_NARROW",  "schema_version": "LD-3.3" },
    { "id": "DET_ATO_PITCH_SPREAD_WIDE",    "module": "prosody.pitch_spread",  "file_path": "detectors/prosody/pitch_spread.py",   "fires_marker": "ATO_PITCH_SPREAD_WIDE",    "schema_version": "LD-3.3" },
    { "id": "DET_ATO_RISING_INTONATION",    "module": "prosody.intonation",    "file_path": "detectors/prosody/intonation.py",     "fires_marker": "ATO_RISING_INTONATION",    "schema_version": "LD-3.3" },
    { "id": "DET_ATO_FALLING_INTONATION",   "module": "prosody.intonation",    "file_path": "detectors/prosody/intonation.py",     "fires_marker": "ATO_FALLING_INTONATION",   "schema_version": "LD-3.3" },
    { "id": "DET_ATO_LAUGHTER_EVENT",       "module": "prosody.laughter",      "file_path": "detectors/prosody/laughter.py",       "fires_marker": "ATO_LAUGHTER_EVENT",       "schema_version": "LD-3.3" },
    { "id": "DET_ATO_BREATHINESS",          "module": "prosody.breathiness",   "file_path": "detectors/prosody/breathiness.py",    "fires_marker": "ATO_BREATHINESS",          "schema_version": "LD-3.3" },
    { "id": "DET_ATO_CREAKY_VOICE",         "module": "prosody.creaky_voice",  "file_path": "detectors/prosody/creaky_voice.py",   "fires_marker": "ATO_CREAKY_VOICE",         "schema_version": "LD-3.3" },
    { "id": "DET_ATO_TREMOLO_VOICE",        "module": "prosody.tremolo",       "file_path": "detectors/prosody/tremolo.py",        "fires_marker": "ATO_TREMOLO_VOICE",        "schema_version": "LD-3.3" },
    { "id": "DET_ATO_STRESS_ACCENT",        "module": "prosody.stress",        "file_path": "detectors/prosody/stress.py",         "fires_marker": "ATO_STRESS_ACCENT",        "schema_version": "LD-3.3" },
    { "id": "DET_ATO_VOLUME_FADE",          "module": "prosody.volume_fade",   "file_path": "detectors/prosody/volume_fade.py",    "fires_marker": "ATO_VOLUME_FADE",          "schema_version": "LD-3.3" },
    { "id": "DET_ATO_JITTER_HIGH",          "module": "prosody.jitter",        "file_path": "detectors/prosody/jitter.py",         "fires_marker": "ATO_JITTER_HIGH",          "schema_version": "LD-3.3" },
    { "id": "DET_ATO_SHIMMER_HIGH",         "module": "prosody.shimmer",       "file_path": "detectors/prosody/shimmer.py",        "fires_marker": "ATO_SHIMMER_HIGH",         "schema_version": "LD-3.3" },
    { "id": "DET_ATO_VOICE_BREAK_EVENT",    "module": "prosody.voice_break",   "file_path": "detectors/prosody/voice_break.py",    "fires_marker": "ATO_VOICE_BREAK_EVENT",    "schema_version": "LD-3.3" },
    { "id": "DET_ATO_TERMINAL_FALL",        "module": "prosody.terminal_fall", "file_path": "detectors/prosody/terminal_fall.py", "fires_marker": "ATO_TERMINAL_FALL",        "schema_version": "LD-3.3" },
    { "id": "DET_ATO_DISFLUENCY_FILLER",    "module": "prosody.disfluency",    "file_path": "detectors/prosody/disfluency.py",     "fires_marker": "ATO_DISFLUENCY_FILLER",    "schema_version": "LD-3.3" },

    { "id": "DET_ATO_FIRST_PERSON_PRONOUN", "module": "regex", "file_path": "builtin", "fires_marker": "ATO_FIRST_PERSON_PRONOUN",  "schema_version": "LD-3.3" },
    { "id": "DET_ATO_FEELING_WORD",         "module": "regex", "file_path": "builtin", "fires_marker": "ATO_FEELING_WORD",          "schema_version": "LD-3.3" },
    { "id": "DET_ATO_HEDGING_CUE",          "module": "regex", "file_path": "builtin", "fires_marker": "ATO_HEDGING_CUE",           "schema_version": "LD-3.3" },
    { "id": "DET_ATO_VALIDATION_SEEKING",   "module": "regex", "file_path": "builtin", "fires_marker": "ATO_VALIDATION_SEEKING",    "schema_version": "LD-3.3" },
    { "id": "DET_ATO_EMOTIONAL_INVALIDATION","module":"regex","file_path": "builtin", "fires_marker": "ATO_EMOTIONAL_INVALIDATION","schema_version": "LD-3.3" },
    { "id": "DET_ATO_GASLIGHTING_INDICATORS","module":"regex","file_path": "builtin", "fires_marker": "ATO_GASLIGHTING_INDICATORS","schema_version": "LD-3.3" },
    { "id": "DET_ATO_BOUNDARY_SETTING",     "module": "regex", "file_path": "builtin", "fires_marker": "ATO_BOUNDARY_SETTING",      "schema_version": "LD-3.3" },
    { "id": "DET_ATO_DIRECT_ACCUSATION",    "module": "regex", "file_path": "builtin", "fires_marker": "ATO_DIRECT_ACCUSATION",     "schema_version": "LD-3.3" },
    { "id": "DET_ATO_BLAME_SHIFT",          "module": "regex", "file_path": "builtin", "fires_marker": "ATO_BLAME_SHIFT",           "schema_version": "LD-3.3" },
    { "id": "DET_ATO_PASSIVE_AGGRESSION",   "module": "regex", "file_path": "builtin", "fires_marker": "ATO_PASSIVE_AGGRESSION",    "schema_version": "LD-3.3" },
    { "id": "DET_ATO_IRONY",                "module": "regex", "file_path": "builtin", "fires_marker": "ATO_IRONY",                 "schema_version": "LD-3.3" },
    { "id": "DET_ATO_SARCASM",              "module": "regex", "file_path": "builtin", "fires_marker": "ATO_SARCASM",               "schema_version": "LD-3.3" },
    { "id": "DET_ATO_MINIMIZATION_LANGUAGE","module": "regex", "file_path": "builtin", "fires_marker": "ATO_MINIMIZATION_LANGUAGE", "schema_version": "LD-3.3" },
    { "id": "DET_ATO_THREAT_LANGUAGE",      "module": "regex", "file_path": "builtin", "fires_marker": "ATO_THREAT_LANGUAGE",       "schema_version": "LD-3.3" },
    { "id": "DET_ATO_CONTROL_PHRASES",      "module": "regex", "file_path": "builtin", "fires_marker": "ATO_CONTROL_PHRASES",       "schema_version": "LD-3.3" },
    { "id": "DET_ATO_UNCERTAINTY",          "module": "regex", "file_path": "builtin", "fires_marker": "ATO_UNCERTAINTY",           "schema_version": "LD-3.3" },
    { "id": "DET_ATO_CERTAINTY_PHRASE",     "module": "regex", "file_path": "builtin", "fires_marker": "ATO_CERTAINTY_PHRASE",      "schema_version": "LD-3.3" },
    { "id": "DET_ATO_EMOTIONAL_REGULATION", "module": "regex", "file_path": "builtin", "fires_marker": "ATO_EMOTIONAL_REGULATION",  "schema_version": "LD-3.3" },
    { "id": "DET_ATO_SELF_REFLECTION",      "module": "regex", "file_path": "builtin", "fires_marker": "ATO_SELF_REFLECTION",       "schema_version": "LD-3.3" }
  ]
}
