{
  "version": "3.4",
  "schemata": {
    "default": "../schemas/SCH_marker.schema.v3.json",
    "fraud":   "../schemas/SCH_fraud-markers.schema.json"
  },
  "outputDirs": {
    "json":   "out/json",
    "yaml":   "out/yaml",
    "backup": "backup"
  },
  "processing": {
    "maxBatchSize": 500,
    "autoRepair": true,
    "createBackups": true,
    "dryRun": false
  },
  "repair": {
    "autoMigratePrefix": true,
    "normalizePatterns": true,
    "fillMissingExamples": 5,
    "fillMissingFrameFields": true,
    "defaultActivationLogic": {
      "SEM": "ANY 2 IN 3 messages",
      "CLU": "SUM(weight)>=0.7 WITHIN 48h",
      "MEMA":"ANY 3 IN 30 messages"
    }
  },
  "validation": {
    "strictMode": true,
    "allowAdditionalProperties": true
  },
  "export": {
    "prettyPrint": true,
    "yamlIndent": 2,
    "jsonIndent": 2,
    "keepRawYaml": true
  },
  "chunk_analysis": {
    "schema_path": "../chunk_analysis"
  },
  "plugins": {
    "enabled":   true,
    "directory": "../plugins",
    "autoLoad": [
      "GR_SEM_ABSAGE.js",
      "GR_kimi-suggest-plugin.js",
      "GR_timestamp-plugin.js"
    ]
  }
}
